TOPOLOGY=MEDIUM,DATASET=1,TYPE=WITH_FAULT_TOLERANCE,NODES=150,LINKS=560,REQUESTS=250
REQUEST PASSED, REQUESTS FAILED, AVERAGE REQUEST DELAY, AVERAGE REQUEST COST, AVERAGE FAILURE PROBABILITY, AVERAGE LENGTH OF PATHS, MEAN NODE [CPU, RAM], MEAN LINK BANDWIDTH
98,152,19.076530612244895,16.51428571428571,29.1429712121423%,8.0,[46.49333333333333, 60.49333333333333],152.07857142857142
REQUEST STATUS,REQUEST ID,PATH ID,FAILURE PROBABILITY,DELAY,COST,FUNCTIONS,PATH
APPROVED|,1|,R1P1|,31.990542244640608%|,19.610000000000003|,14.700000000000001|,['F1', 'F4']|,[201, 13, 2, 3, 4, 5, 169]|
DENIED|,2|,NONE|,NONE%|,0|,0|,['F5', 'F3', 'F2', 'F4']|,src=412|,dest=564|
APPROVED|,3|,R3P1|,22.68943533697632%|,14.349999999999998|,9.6|,['F4', 'F2']|,[443, 74, 73, 72, 436]|
DENIED|,4|,NONE|,NONE%|,0|,0|,['F5', 'F1', 'F3']|,src=508|,dest=288|
DENIED|,5|,NONE|,NONE%|,0|,0|,['F5', 'F1']|,src=446|,dest=532|
DENIED|,6|,NONE|,NONE%|,0|,0|,['F2', 'F1', 'F3', 'F5']|,src=255|,dest=391|
DENIED|,7|,NONE|,NONE%|,0|,0|,['F5', 'F4']|,src=223|,dest=327|
APPROVED|,8|,R8P1|,8.475409836065575%|,7.160000000000001|,7.1|,['F4']|,[589, 110, 109, 584]|
APPROVED|,9|,R9P3|,29.392349726775954%|,18.410000000000004|,16.7|,['F1', 'F2']|,[184, 9, 10, 1, 12, 34, 35, 289]|
DENIED|,10|,NONE|,NONE%|,0|,0|,['F5', 'F4', 'F2']|,src=350|,dest=381|
DENIED|,11|,NONE|,NONE%|,0|,0|,['F5', 'F4', 'F1']|,src=389|,dest=197|
APPROVED|,12|,R12P6|,32.87158469945356%|,29.11000000000001|,23.599999999999998|,['F1', 'F4', 'F3', 'F2']|,[270, 30, 11, 1, 2, 3, 16, 42, 43, 96, 531]|
APPROVED|,13|,R13P5|,35.45706479313037%|,24.699999999999996|,22.800000000000004|,['F2']|,[214, 16, 3, 2, 1, 10, 9, 27, 63, 62, 398]|
APPROVED|,14|,R14P1|,34.48126463700233%|,28.979999999999993|,23.2|,['F3', 'F1', 'F4', 'F2']|,[511, 91, 41, 16, 3, 2, 1, 10, 29, 68, 419]|
APPROVED|,15|,R15P2|,31.551702395964693%|,14.549999999999997|,14.199999999999998|,['F3']|,[257, 27, 28, 29, 30, 69, 425]|
APPROVED|,16|,R16P2|,21.19374068554396%|,15.820000000000002|,12.5|,['F3', 'F1', 'F2', 'F4']|,[238, 22, 21, 51, 50, 348]|
APPROVED|,17|,R17P1|,34.7263856362217%|,27.55|,23.8|,['F1', 'F3']|,[431, 71, 31, 11, 1, 2, 3, 16, 41, 91, 511]|
APPROVED|,18|,R18P1|,25.520176544766716%|,15.539999999999997|,13.499999999999998|,['F1', 'F4']|,[498, 87, 39, 15, 16, 17, 218]|
DENIED|,19|,NONE|,NONE%|,0|,0|,['F4', 'F5', 'F3', 'F2']|,src=189|,dest=231|
DENIED|,20|,NONE|,NONE%|,0|,0|,['F4']|,src=233|,dest=397|
DENIED|,21|,NONE|,NONE%|,0|,0|,['F3', 'F5']|,src=414|,dest=567|
DENIED|,22|,NONE|,NONE%|,0|,0|,['F4', 'F1', 'F5', 'F2']|,src=591|,dest=382|
DENIED|,23|,NONE|,NONE%|,0|,0|,['F5', 'F3', 'F2', 'F1']|,src=225|,dest=194|
APPROVED|,24|,R24P1|,20.86885245901639%|,13.960000000000003|,11.7|,['F2']|,[455, 77, 34, 35, 80, 468]|
DENIED|,25|,NONE|,NONE%|,0|,0|,['F5', 'F1', 'F2', 'F3']|,src=211|,dest=426|
DENIED|,26|,NONE|,NONE%|,0|,0|,['F2', 'F5']|,src=327|,dest=393|
APPROVED|,27|,R27P6|,26.538251366120214%|,24.81|,23.5|,['F4']|,[284, 34, 35, 13, 2, 3, 16, 17, 44, 97, 535]|
DENIED|,28|,NONE|,NONE%|,0|,0|,['F2', 'F4', 'F3']|,src=590|,dest=517|
DENIED|,29|,NONE|,NONE%|,0|,0|,['F5', 'F3', 'F2', 'F4']|,src=458|,dest=330|
DENIED|,30|,NONE|,NONE%|,0|,0|,['F4']|,src=244|,dest=309|
DENIED|,31|,NONE|,NONE%|,0|,0|,['F5', 'F4']|,src=189|,dest=565|
DENIED|,32|,NONE|,NONE%|,0|,0|,['F1', 'F2', 'F5']|,src=201|,dest=573|
APPROVED|,33|,R33P3|,27.3351012536162%|,21.419999999999998|,19.5|,['F3']|,[353, 51, 21, 22, 23, 24, 25, 59, 383]|
APPROVED|,34|,R34P4|,30.146448087431693%|,15.510000000000002|,15.6|,['F1', 'F2']|,[302, 38, 14, 15, 16, 17, 18, 222]|
DENIED|,35|,NONE|,NONE%|,0|,0|,['F2', 'F4', 'F5']|,src=532|,dest=282|
DENIED|,36|,NONE|,NONE%|,0|,0|,['F4', 'F2', 'F3', 'F5']|,src=505|,dest=453|
DENIED|,37|,NONE|,NONE%|,0|,0|,['F2', 'F3', 'F4', 'F1', 'F5']|,src=590|,dest=424|
DENIED|,38|,NONE|,NONE%|,0|,0|,['F5', 'F3', 'F2', 'F4', 'F1']|,src=190|,dest=180|
DENIED|,39|,NONE|,NONE%|,0|,0|,['F4', 'F3']|,src=514|,dest=330|
DENIED|,40|,NONE|,NONE%|,0|,0|,['F4', 'F5', 'F3', 'F2', 'F1']|,src=337|,dest=581|
APPROVED|,41|,R41P2|,37.138275124732715%|,26.319999999999997|,25.0|,['F2']|,[553, 101, 46, 18, 4, 3, 2, 1, 11, 30, 69, 425]|
DENIED|,42|,NONE|,NONE%|,0|,0|,['F5', 'F4', 'F1', 'F3']|,src=531|,dest=197|
APPROVED|,43|,R43P3|,28.18221941992434%|,19.02|,14.100000000000001|,['F4', 'F1']|,[159, 3, 16, 42, 43, 95, 529]|
DENIED|,44|,NONE|,NONE%|,0|,0|,['F1', 'F5', 'F3']|,src=171|,dest=304|
APPROVED|,45|,R45P2|,32.86221701795472%|,24.689999999999998|,23.7|,['F3']|,[476, 82, 36, 13, 2, 3, 16, 17, 44, 97, 537]|
DENIED|,46|,NONE|,NONE%|,0|,0|,['F2', 'F4', 'F1', 'F3', 'F5']|,src=421|,dest=237|
DENIED|,47|,NONE|,NONE%|,0|,0|,['F1', 'F2', 'F5', 'F3']|,src=270|,dest=592|
DENIED|,48|,NONE|,NONE%|,0|,0|,['F3']|,src=566|,dest=409|
DENIED|,49|,NONE|,NONE%|,0|,0|,['F2', 'F1', 'F3', 'F5', 'F4']|,src=582|,dest=438|
DENIED|,50|,NONE|,NONE%|,0|,0|,['F1', 'F5', 'F2']|,src=322|,dest=445|
APPROVED|,51|,R51P1|,29.818225650916105%|,21.19|,18.599999999999998|,['F2']|,[187, 10, 1, 2, 3, 16, 42, 94, 524]|
DENIED|,52|,NONE|,NONE%|,0|,0|,['F5']|,src=248|,dest=519|
APPROVED|,53|,R53P2|,37.667141838916606%|,30.91|,26.0|,['F3', 'F1']|,[282, 33, 12, 13, 2, 3, 4, 5, 20, 49, 108, 582]|
DENIED|,54|,NONE|,NONE%|,0|,0|,['F5']|,src=403|,dest=580|
APPROVED|,55|,R55P1|,26.92622950819672%|,16.92|,13.9|,['F2']|,[187, 10, 1, 2, 3, 16, 211]|
APPROVED|,56|,R56P1|,20.31238615664845%|,12.049999999999999|,10.2|,['F1']|,[289, 35, 13, 14, 204]|
APPROVED|,57|,R57P1|,18.967213114754095%|,12.42|,12.0|,['F5', 'F1', 'F3']|,[396, 62, 26, 25, 59, 383]|
DENIED|,58|,NONE|,NONE%|,0|,0|,['F4', 'F2', 'F5']|,src=264|,dest=363|
DENIED|,59|,NONE|,NONE%|,0|,0|,['F1', 'F5', 'F4', 'F2', 'F3']|,src=565|,dest=523|
DENIED|,60|,NONE|,NONE%|,0|,0|,['F2', 'F5', 'F1', 'F4']|,src=435|,dest=517|
APPROVED|,61|,R61P1|,17.388888888888886%|,12.069999999999997|,10.200000000000001|,['F3', 'F5', 'F1', 'F2']|,[231, 21, 22, 23, 239]|
DENIED|,62|,NONE|,NONE%|,0|,0|,['F5', 'F2', 'F3', 'F4']|,src=200|,dest=540|
DENIED|,63|,NONE|,NONE%|,0|,0|,['F5', 'F4']|,src=358|,dest=256|
DENIED|,64|,NONE|,NONE%|,0|,0|,['F1', 'F2', 'F5', 'F4', 'F3']|,src=193|,dest=550|
DENIED|,65|,NONE|,NONE%|,0|,0|,['F1', 'F5']|,src=340|,dest=510|
DENIED|,66|,NONE|,NONE%|,0|,0|,['F1', 'F5', 'F2', 'F4', 'F3']|,src=205|,dest=360|
APPROVED|,67|,R67P1|,29.547023295944776%|,24.640000000000004|,21.1|,['F1', 'F3']|,[435, 72, 31, 11, 1, 2, 3, 16, 42, 317]|
APPROVED|,68|,R68P5|,30.635969141755066%|,24.209999999999994|,18.8|,['F1', 'F2']|,[362, 53, 22, 23, 24, 25, 26, 27, 255]|
DENIED|,69|,NONE|,NONE%|,0|,0|,['F5']|,src=428|,dest=576|
APPROVED|,70|,R70P1|,27.3625472887768%|,15.28|,14.499999999999998|,['F2', 'F1']|,[199, 13, 12, 11, 30, 69, 426]|
APPROVED|,71|,R71P2|,23.64828614008942%|,12.33|,12.500000000000002|,['F5']|,[161, 3, 2, 13, 12, 198]|
DENIED|,72|,NONE|,NONE%|,0|,0|,['F2', 'F4', 'F1']|,src=195|,dest=581|
APPROVED|,73|,R73P1|,20.059198542805103%|,10.99|,9.6|,['F1', 'F4', 'F5']|,[321, 43, 42, 41, 314]|
APPROVED|,74|,R74P3|,33.4288179465056%|,23.669999999999998|,20.4|,['F1', 'F3', 'F4']|,[492, 86, 87, 39, 15, 16, 17, 44, 98, 539]|
APPROVED|,75|,R75P1|,18.906323185011708%|,5.7|,7.4|,['F2']|,[280, 33, 12, 197]|
APPROVED|,76|,R76P1|,39.71701795472287%|,27.730000000000004|,23.099999999999998|,['F3']|,[497, 87, 39, 15, 3, 4, 5, 6, 7, 24, 244]|
DENIED|,77|,NONE|,NONE%|,0|,0|,['F1', 'F4', 'F3', 'F5']|,src=356|,dest=545|
APPROVED|,78|,R78P1|,26.19735182849937%|,16.029999999999998|,14.400000000000002|,['F4', 'F3']|,[426, 69, 30, 11, 12, 34, 286]|
DENIED|,79|,NONE|,NONE%|,0|,0|,['F5', 'F4', 'F3', 'F1']|,src=576|,dest=184|
DENIED|,80|,NONE|,NONE%|,0|,0|,['F1', 'F2', 'F5']|,src=186|,dest=472|
DENIED|,81|,NONE|,NONE%|,0|,0|,['F3', 'F4', 'F1', 'F2', 'F5']|,src=419|,dest=384|
APPROVED|,82|,R82P1|,41.14495254529768%|,26.53|,20.6|,['F3', 'F1', 'F2']|,[256, 27, 9, 10, 1, 2, 14, 38, 85, 490]|
APPROVED|,83|,R83P2|,33.26084860173577%|,17.159999999999997|,17.8|,['F1', 'F3']|,[333, 46, 18, 17, 16, 15, 40, 89, 504]|
DENIED|,84|,NONE|,NONE%|,0|,0|,['F2', 'F5', 'F3']|,src=157|,dest=382|
DENIED|,85|,NONE|,NONE%|,0|,0|,['F1', 'F2', 'F5', 'F4', 'F3']|,src=596|,dest=251|
DENIED|,86|,NONE|,NONE%|,0|,0|,['F4', 'F3', 'F5', 'F1']|,src=298|,dest=319|
APPROVED|,87|,R87P2|,28.43368107302534%|,11.8|,12.1|,['F2', 'F1']|,[270, 30, 29, 67, 66, 414]|
APPROVED|,88|,R88P3|,27.481967213114753%|,19.86|,16.799999999999997|,['F1', 'F2', 'F3']|,[238, 22, 23, 24, 25, 26, 61, 394]|
DENIED|,89|,NONE|,NONE%|,0|,0|,['F3', 'F5', 'F1', 'F4']|,src=335|,dest=355|
DENIED|,90|,NONE|,NONE%|,0|,0|,['F5']|,src=337|,dest=244|
DENIED|,91|,NONE|,NONE%|,0|,0|,['F1', 'F5', 'F4', 'F3']|,src=283|,dest=423|
APPROVED|,92|,R92P1|,27.158259773013874%|,17.49|,14.9|,['F3', 'F1', 'F2']|,[561, 103, 47, 48, 49, 108, 582]|
APPROVED|,93|,R93P2|,38.299421407907424%|,17.759999999999998|,18.3|,['F2']|,[378, 57, 24, 25, 8, 9, 10, 30, 268]|
DENIED|,94|,NONE|,NONE%|,0|,0|,['F4', 'F1', 'F2', 'F5']|,src=206|,dest=423|
DENIED|,95|,NONE|,NONE%|,0|,0|,['F5', 'F4', 'F1', 'F3']|,src=473|,dest=255|
DENIED|,96|,NONE|,NONE%|,0|,0|,['F5', 'F4']|,src=384|,dest=490|
DENIED|,97|,NONE|,NONE%|,0|,0|,['F1', 'F5']|,src=174|,dest=329|
APPROVED|,98|,R98P1|,21.181238615664846%|,9.43|,9.7|,['F3', 'F1', 'F5', 'F4']|,[600, 113, 52, 53, 360]|
APPROVED|,99|,R99P3|,38.066744730679154%|,26.08|,22.799999999999997|,['F2']|,[559, 103, 47, 46, 18, 4, 3, 2, 1, 10, 189]|
DENIED|,100|,NONE|,NONE%|,0|,0|,['F2', 'F1', 'F4', 'F3', 'F5']|,src=179|,dest=407|
DENIED|,101|,NONE|,NONE%|,0|,0|,['F2', 'F3', 'F1', 'F5']|,src=584|,dest=404|
DENIED|,102|,NONE|,NONE%|,0|,0|,['F5']|,src=328|,dest=218|
DENIED|,103|,NONE|,NONE%|,0|,0|,['F5', 'F3', 'F1', 'F2']|,src=182|,dest=494|
APPROVED|,104|,R104P4|,33.649882903981265%|,30.999999999999996|,23.500000000000004|,['F4', 'F2']|,[173, 6, 5, 4, 3, 2, 13, 35, 34, 77, 455]|
APPROVED|,105|,R105P1|,41.41334894613583%|,27.069999999999997|,22.7|,['F2']|,[499, 88, 39, 15, 3, 4, 5, 20, 50, 110, 589]|
APPROVED|,106|,R106P1|,35.20202507232401%|,22.430000000000003|,18.4|,['F1']|,[364, 54, 22, 6, 5, 4, 17, 43, 320]|
APPROVED|,107|,R107P1|,33.51832208293154%|,23.959999999999994|,18.900000000000002|,['F4']|,[169, 5, 4, 3, 2, 13, 35, 79, 466]|
APPROVED|,108|,R108P1|,31.349936948297604%|,16.560000000000002|,14.4|,['F4']|,[322, 43, 17, 18, 19, 48, 340]|
APPROVED|,109|,R109P1|,19.761124121779858%|,6.9|,7.2|,['F1', 'F3', 'F2']|,[352, 51, 112, 596]|
DENIED|,110|,NONE|,NONE%|,0|,0|,['F2', 'F5']|,src=423|,dest=176|
DENIED|,111|,NONE|,NONE%|,0|,0|,['F4', 'F1']|,src=176|,dest=338|
DENIED|,112|,NONE|,NONE%|,0|,0|,['F5']|,src=487|,dest=477|
DENIED|,113|,NONE|,NONE%|,0|,0|,['F3', 'F2', 'F5', 'F1', 'F4']|,src=291|,dest=303|
DENIED|,114|,NONE|,NONE%|,0|,0|,['F2', 'F5', 'F1', 'F3', 'F4']|,src=277|,dest=578|
DENIED|,115|,NONE|,NONE%|,0|,0|,['F1', 'F2', 'F5', 'F3']|,src=401|,dest=273|
DENIED|,116|,NONE|,NONE%|,0|,0|,['F2', 'F3', 'F4']|,src=198|,dest=572|
DENIED|,117|,NONE|,NONE%|,0|,0|,['F3', 'F2', 'F5', 'F1']|,src=401|,dest=512|
APPROVED|,118|,R118P3|,39.871147540983614%|,28.970000000000002|,27.100000000000005|,['F3', 'F2']|,[388, 60, 25, 8, 9, 10, 1, 2, 3, 15, 39, 88, 500]|
DENIED|,119|,NONE|,NONE%|,0|,0|,['F3', 'F5', 'F4', 'F1']|,src=256|,dest=334|
DENIED|,120|,NONE|,NONE%|,0|,0|,['F4', 'F3']|,src=544|,dest=172|
DENIED|,121|,NONE|,NONE%|,0|,0|,['F2', 'F5']|,src=526|,dest=599|
DENIED|,122|,NONE|,NONE%|,0|,0|,['F4', 'F2', 'F1', 'F3']|,src=528|,dest=178|
APPROVED|,123|,R123P3|,30.541696364932285%|,29.750000000000004|,25.300000000000004|,['F2']|,[411, 66, 67, 29, 10, 1, 2, 3, 16, 42, 93, 519]|
APPROVED|,124|,R124P3|,38.37606557377049%|,30.71999999999999|,27.000000000000004|,['F2']|,[530, 95, 43, 42, 16, 3, 2, 1, 10, 9, 27, 64, 406]|
APPROVED|,125|,R125P1|,20.868852459016395%|,16.66|,11.700000000000001|,['F5', 'F3', 'F4', 'F2']|,[470, 80, 35, 34, 77, 458]|
DENIED|,126|,NONE|,NONE%|,0|,0|,['F5']|,src=302|,dest=587|
DENIED|,127|,NONE|,NONE%|,0|,0|,['F5']|,src=211|,dest=344|
APPROVED|,128|,R128P1|,35.39539422326308%|,25.880000000000006|,24.0|,['F2', 'F3', 'F1']|,[573, 106, 48, 19, 5, 6, 7, 8, 25, 59, 386]|
APPROVED|,129|,R129P3|,34.8551912568306%|,28.970000000000006|,22.800000000000004|,['F3', 'F2', 'F4', 'F1']|,[428, 70, 31, 11, 1, 2, 3, 15, 39, 88, 501]|
DENIED|,130|,NONE|,NONE%|,0|,0|,['F5', 'F4', 'F3', 'F1', 'F2']|,src=570|,dest=542|
APPROVED|,131|,R131P3|,32.85355191256831%|,22.820000000000004|,16.6|,['F4', 'F1', 'F2', 'F3']|,[215, 17, 18, 19, 48, 49, 108, 581]|
DENIED|,132|,NONE|,NONE%|,0|,0|,['F3', 'F5', 'F1', 'F2', 'F4']|,src=542|,dest=153|
DENIED|,133|,NONE|,NONE%|,0|,0|,['F1', 'F2', 'F3', 'F5', 'F4']|,src=556|,dest=499|
DENIED|,134|,NONE|,NONE%|,0|,0|,['F2', 'F3', 'F5', 'F4', 'F1']|,src=525|,dest=233|
APPROVED|,135|,R135P5|,24.798907103825137%|,18.490000000000002|,16.0|,['F4']|,[584, 109, 108, 49, 48, 105, 104, 564]|
APPROVED|,136|,R136P2|,22.53114754098361%|,17.17|,16.0|,['F5', 'F1']|,[580, 108, 49, 20, 21, 52, 53, 359]|
APPROVED|,137|,R137P2|,24.412816691505217%|,12.73|,11.5|,['F5']|,[188, 10, 30, 11, 32, 275]|
APPROVED|,138|,R138P1|,42.736258437801354%|,20.050000000000004|,18.5|,['F1', 'F2']|,[344, 49, 20, 5, 4, 3, 15, 39, 304]|
APPROVED|,139|,R139P1|,34.16078184110971%|,19.2|,13.900000000000002|,['F3', 'F1']|,[489, 85, 38, 14, 2, 3, 162]|
APPROVED|,140|,R140P4|,36.49352890422779%|,25.390000000000004|,21.7|,['F2', 'F1']|,[576, 107, 106, 48, 19, 18, 17, 44, 98, 539]|
APPROVED|,141|,R141P1|,16.040983606557372%|,10.899999999999999|,9.700000000000001|,['F4', 'F5']|,[364, 54, 22, 21, 234]|
DENIED|,142|,NONE|,NONE%|,0|,0|,['F4', 'F3']|,src=398|,dest=432|
APPROVED|,143|,R143P1|,40.00144648023144%|,22.1|,18.7|,['F3']|,[155, 2, 3, 4, 5, 20, 49, 107, 577]|
DENIED|,144|,NONE|,NONE%|,0|,0|,['F1', 'F2', 'F3', 'F4']|,src=475|,dest=418|
APPROVED|,145|,R145P1|,12.913348946135832%|,10.1|,7.5|,['F4', 'F1', 'F3', 'F2']|,[339, 48, 106, 572]|
APPROVED|,146|,R146P1|,27.159463487332342%|,12.92|,12.0|,['F3']|,[571, 106, 48, 47, 46, 333]|
APPROVED|,147|,R147P1|,21.30402384500745%|,14.100000000000003|,12.600000000000001|,['F2', 'F3', 'F5']|,[229, 20, 21, 51, 112, 598]|
DENIED|,148|,NONE|,NONE%|,0|,0|,['F4', 'F2', 'F3', 'F5', 'F1']|,src=252|,dest=580|
DENIED|,149|,NONE|,NONE%|,0|,0|,['F2', 'F5']|,src=320|,dest=303|
APPROVED|,150|,R150P1|,25.049810844892818%|,18.55|,14.5|,['F1', 'F3']|,[156, 2, 3, 16, 42, 94, 525]|
APPROVED|,151|,R151P2|,31.664480874316943%|,19.880000000000003|,16.3|,['F1', 'F2', 'F4']|,[568, 105, 48, 47, 46, 45, 99, 545]|
DENIED|,152|,NONE|,NONE%|,0|,0|,['F3', 'F4', 'F1']|,src=277|,dest=341|
DENIED|,153|,NONE|,NONE%|,0|,0|,['F3', 'F4']|,src=590|,dest=294|
DENIED|,154|,NONE|,NONE%|,0|,0|,['F4', 'F5', 'F2', 'F3', 'F1']|,src=217|,dest=257|
DENIED|,155|,NONE|,NONE%|,0|,0|,['F2', 'F1', 'F5', 'F3', 'F4']|,src=427|,dest=230|
DENIED|,156|,NONE|,NONE%|,0|,0|,['F3', 'F2', 'F5', 'F4']|,src=166|,dest=237|
APPROVED|,157|,R157P2|,27.81778058007567%|,17.11|,14.0|,['F1']|,[202, 13, 14, 38, 39, 87, 497]|
DENIED|,158|,NONE|,NONE%|,0|,0|,['F1', 'F5', 'F4']|,src=218|,dest=554|
APPROVED|,159|,R159P1|,24.175774134790526%|,11.54|,9.5|,['F5', 'F2', 'F3', 'F4', 'F1']|,[211, 16, 15, 40, 310]|
DENIED|,160|,NONE|,NONE%|,0|,0|,['F5', 'F4', 'F2', 'F1']|,src=290|,dest=362|
DENIED|,161|,NONE|,NONE%|,0|,0|,['F1', 'F2', 'F5', 'F4', 'F3']|,src=361|,dest=159|
DENIED|,162|,NONE|,NONE%|,0|,0|,['F5', 'F1', 'F4', 'F2']|,src=506|,dest=598|
DENIED|,163|,NONE|,NONE%|,0|,0|,['F3', 'F4', 'F5', 'F2', 'F1']|,src=493|,dest=470|
DENIED|,164|,NONE|,NONE%|,0|,0|,['F5', 'F1', 'F2', 'F3', 'F4']|,src=412|,dest=333|
APPROVED|,165|,R165P1|,22.61102831594635%|,14.43|,12.9|,['F5']|,[153, 1, 11, 32, 74, 443]|
APPROVED|,166|,R166P2|,34.91176470588236%|,24.539999999999996|,19.3|,['F2']|,[297, 37, 14, 2, 1, 10, 29, 28, 262]|
APPROVED|,167|,R167P1|,29.365069356872638%|,15.709999999999999|,13.499999999999998|,['F1', 'F3']|,[510, 90, 40, 15, 16, 17, 218]|
DENIED|,168|,NONE|,NONE%|,0|,0|,['F1', 'F5', 'F4', 'F3']|,src=396|,dest=596|
DENIED|,169|,NONE|,NONE%|,0|,0|,['F2', 'F3', 'F5']|,src=402|,dest=487|
DENIED|,170|,NONE|,NONE%|,0|,0|,['F4', 'F2']|,src=342|,dest=155|
APPROVED|,171|,R171P3|,37.65573770491803%|,14.8|,16.2|,['F1']|,[397, 62, 63, 27, 9, 10, 1, 152]|
DENIED|,172|,NONE|,NONE%|,0|,0|,['F1', 'F2', 'F4', 'F5', 'F3']|,src=571|,dest=501|
DENIED|,173|,NONE|,NONE%|,0|,0|,['F1', 'F2', 'F4', 'F5']|,src=261|,dest=600|
DENIED|,174|,NONE|,NONE%|,0|,0|,['F3', 'F1', 'F5', 'F4', 'F2']|,src=499|,dest=467|
APPROVED|,175|,R175P2|,25.87183308494784%|,15.319999999999999|,12.2|,['F4', 'F2', 'F1']|,[525, 94, 95, 43, 44, 323]|
DENIED|,176|,NONE|,NONE%|,0|,0|,['F1', 'F5', 'F4']|,src=209|,dest=291|
DENIED|,177|,NONE|,NONE%|,0|,0|,['F3', 'F4', 'F5', 'F1', 'F2']|,src=253|,dest=287|
DENIED|,178|,NONE|,NONE%|,0|,0|,['F3', 'F2', 'F1', 'F4', 'F5']|,src=443|,dest=354|
APPROVED|,179|,R179P5|,26.934908389585342%|,22.58|,20.299999999999997|,['F1', 'F3']|,[445, 74, 32, 11, 12, 13, 36, 37, 297]|
APPROVED|,180|,R180P13|,32.81254454739844%|,33.11999999999999|,25.9|,['F1', 'F4', 'F3', 'F2']|,[533, 96, 43, 42, 16, 15, 14, 13, 35, 34, 78, 459]|
DENIED|,181|,NONE|,NONE%|,0|,0|,['F5']|,src=460|,dest=501|
APPROVED|,182|,R182P1|,16.55646630236794%|,7.5|,10.0|,['F5']|,[318, 42, 16, 15, 207]|
DENIED|,183|,NONE|,NONE%|,0|,0|,['F5']|,src=241|,dest=278|
DENIED|,184|,NONE|,NONE%|,0|,0|,['F5', 'F2', 'F3']|,src=583|,dest=327|
APPROVED|,185|,R185P10|,36.49352890422779%|,26.580000000000005|,21.6|,['F2']|,[540, 98, 44, 17, 18, 19, 48, 106, 107, 578]|
DENIED|,186|,NONE|,NONE%|,0|,0|,['F5', 'F2', 'F1']|,src=390|,dest=579|
DENIED|,187|,NONE|,NONE%|,0|,0|,['F4', 'F2', 'F3', 'F1', 'F5']|,src=302|,dest=407|
APPROVED|,188|,R188P1|,35.96213895394224%|,24.080000000000005|,23.5|,['F3', 'F2']|,[398, 62, 26, 8, 7, 6, 5, 19, 48, 105, 569]|
DENIED|,189|,NONE|,NONE%|,0|,0|,['F4', 'F5']|,src=543|,dest=362|
DENIED|,190|,NONE|,NONE%|,0|,0|,['F4', 'F1', 'F3', 'F5']|,src=547|,dest=515|
DENIED|,191|,NONE|,NONE%|,0|,0|,['F2', 'F3', 'F4', 'F5', 'F1']|,src=417|,dest=464|
DENIED|,192|,NONE|,NONE%|,0|,0|,['F2', 'F5', 'F3', 'F4', 'F1']|,src=519|,dest=252|
DENIED|,193|,NONE|,NONE%|,0|,0|,['F2', 'F1', 'F5']|,src=250|,dest=367|
DENIED|,194|,NONE|,NONE%|,0|,0|,['F5', 'F1']|,src=433|,dest=507|
DENIED|,195|,NONE|,NONE%|,0|,0|,['F4', 'F2', 'F5', 'F1']|,src=209|,dest=240|
DENIED|,196|,NONE|,NONE%|,0|,0|,['F3']|,src=294|,dest=350|
DENIED|,197|,NONE|,NONE%|,0|,0|,['F2', 'F1', 'F3', 'F4']|,src=407|,dest=198|
DENIED|,198|,NONE|,NONE%|,0|,0|,['F5', 'F4', 'F3']|,src=430|,dest=542|
DENIED|,199|,NONE|,NONE%|,0|,0|,['F1', 'F2']|,src=220|,dest=451|
APPROVED|,200|,R200P1|,40.87608486017358%|,21.6|,18.3|,['F3', 'F2', 'F1']|,[505, 89, 40, 15, 3, 4, 5, 6, 173]|
APPROVED|,201|,R201P1|,10.997658079625294%|,7.499999999999999|,7.8|,['F3', 'F2', 'F4', 'F1']|,[315, 42, 16, 211]|
APPROVED|,202|,R202P1|,21.749544626593806%|,11.520000000000001|,10.0|,['F1', 'F3']|,[302, 38, 37, 36, 291]|
APPROVED|,203|,R203P2|,34.62988650693569%|,18.54|,14.899999999999999|,['F2', 'F4']|,[342, 48, 47, 46, 45, 99, 544]|
DENIED|,204|,NONE|,NONE%|,0|,0|,['F1', 'F4', 'F3']|,src=552|,dest=168|
APPROVED|,205|,R205P1|,18.92974238875878%|,8.93|,7.5|,['F2']|,[529, 95, 43, 319]|
DENIED|,206|,NONE|,NONE%|,0|,0|,['F4', 'F5', 'F2']|,src=564|,dest=362|
DENIED|,207|,NONE|,NONE%|,0|,0|,['F4', 'F5']|,src=434|,dest=181|
APPROVED|,208|,R208P2|,23.71493624772313%|,12.839999999999998|,10.1|,['F4', 'F2', 'F3', 'F5', 'F1']|,[531, 96, 97, 44, 324]|
DENIED|,209|,NONE|,NONE%|,0|,0|,['F4', 'F1', 'F3']|,src=491|,dest=596|
DENIED|,210|,NONE|,NONE%|,0|,0|,['F4', 'F5', 'F3', 'F2', 'F1']|,src=230|,dest=163|
DENIED|,211|,NONE|,NONE%|,0|,0|,['F2', 'F4', 'F5', 'F1', 'F3']|,src=390|,dest=238|
APPROVED|,212|,R212P1|,18.976580796252925%|,9.950000000000001|,7.3999999999999995|,['F2', 'F5']|,[349, 50, 110, 589]|
DENIED|,213|,NONE|,NONE%|,0|,0|,['F4', 'F1', 'F5', 'F3']|,src=554|,dest=412|
DENIED|,214|,NONE|,NONE%|,0|,0|,['F5']|,src=248|,dest=588|
DENIED|,215|,NONE|,NONE%|,0|,0|,['F4', 'F1', 'F5', 'F3']|,src=495|,dest=181|
APPROVED|,216|,R216P2|,37.967213114754095%|,24.089999999999996|,21.500000000000004|,['F1']|,[229, 20, 5, 4, 3, 2, 13, 12, 33, 279]|
APPROVED|,217|,R217P2|,39.35792349726776%|,22.900000000000002|,23.3|,['F2']|,[286, 34, 12, 1, 10, 9, 8, 25, 24, 57, 375]|
DENIED|,218|,NONE|,NONE%|,0|,0|,['F4', 'F5', 'F2', 'F3', 'F1']|,src=203|,dest=262|
DENIED|,219|,NONE|,NONE%|,0|,0|,['F5', 'F2', 'F3', 'F1']|,src=304|,dest=282|
DENIED|,220|,NONE|,NONE%|,0|,0|,['F2', 'F1', 'F4']|,src=335|,dest=273|
DENIED|,221|,NONE|,NONE%|,0|,0|,['F3', 'F1']|,src=227|,dest=198|
DENIED|,222|,NONE|,NONE%|,0|,0|,['F3', 'F5']|,src=279|,dest=305|
APPROVED|,223|,R223P1|,28.920218579234973%|,20.32|,16.3|,['F1', 'F3', 'F4']|,[440, 73, 32, 33, 34, 35, 79, 465]|
APPROVED|,224|,R224P5|,38.9732528041415%|,22.959999999999997|,19.4|,['F1', 'F3', 'F2']|,[306, 39, 15, 16, 17, 18, 46, 47, 104, 563]|
APPROVED|,225|,R225P3|,32.879942140790746%|,21.889999999999997|,19.1|,['F3', 'F1', 'F2', 'F4']|,[288, 35, 34, 12, 1, 10, 9, 8, 182]|
APPROVED|,226|,R226P1|,39.373770491803285%|,23.160000000000004|,17.3|,['F1', 'F3']|,[246, 24, 7, 6, 5, 4, 17, 216]|
APPROVED|,227|,R227P5|,31.930974978429678%|,27.35|,21.7|,['F2', 'F4', 'F3']|,[232, 21, 20, 19, 18, 17, 16, 42, 94, 523]|
DENIED|,228|,NONE|,NONE%|,0|,0|,['F3']|,src=275|,dest=313|
DENIED|,229|,NONE|,NONE%|,0|,0|,['F5']|,src=425|,dest=308|
APPROVED|,230|,R230P3|,22.39659520807062%|,17.0|,14.1|,['F4']|,[467, 80, 35, 34, 12, 1, 152]|
DENIED|,231|,NONE|,NONE%|,0|,0|,['F2', 'F4', 'F1', 'F3', 'F5']|,src=597|,dest=543|
APPROVED|,232|,R232P1|,20.747723132969032%|,12.78|,10.200000000000001|,['F4', 'F2', 'F5', 'F3', 'F1']|,[341, 48, 49, 108, 579]|
DENIED|,233|,NONE|,NONE%|,0|,0|,['F1', 'F2', 'F5', 'F4']|,src=373|,dest=546|
DENIED|,234|,NONE|,NONE%|,0|,0|,['F1', 'F2', 'F4']|,src=361|,dest=187|
DENIED|,235|,NONE|,NONE%|,0|,0|,['F5']|,src=458|,dest=573|
DENIED|,236|,NONE|,NONE%|,0|,0|,['F3', 'F1', 'F4']|,src=422|,dest=343|
DENIED|,237|,NONE|,NONE%|,0|,0|,['F5', 'F3', 'F4']|,src=346|,dest=186|
APPROVED|,238|,R238P3|,36.163071613459884%|,17.04|,20.3|,['F2']|,[357, 52, 21, 6, 7, 8, 26, 62, 63, 402]|
DENIED|,239|,NONE|,NONE%|,0|,0|,['F4', 'F5']|,src=159|,dest=579|
APPROVED|,240|,R240P2|,24.97830279652845%|,20.83|,19.5|,['F2', 'F4']|,[368, 55, 54, 22, 21, 20, 49, 108, 582]|
DENIED|,241|,NONE|,NONE%|,0|,0|,['F4']|,src=429|,dest=161|
DENIED|,242|,NONE|,NONE%|,0|,0|,['F5', 'F4', 'F3', 'F1']|,src=182|,dest=342|
DENIED|,243|,NONE|,NONE%|,0|,0|,['F2', 'F1', 'F4', 'F5']|,src=537|,dest=392|
DENIED|,244|,NONE|,NONE%|,0|,0|,['F5', 'F1', 'F2', 'F3']|,src=553|,dest=311|
DENIED|,245|,NONE|,NONE%|,0|,0|,['F3', 'F4']|,src=414|,dest=342|
DENIED|,246|,NONE|,NONE%|,0|,0|,['F4', 'F1', 'F3', 'F2', 'F5']|,src=170|,dest=408|
DENIED|,247|,NONE|,NONE%|,0|,0|,['F5']|,src=516|,dest=539|
DENIED|,248|,NONE|,NONE%|,0|,0|,['F4', 'F5']|,src=559|,dest=445|
DENIED|,249|,NONE|,NONE%|,0|,0|,['F5', 'F4', 'F3', 'F2']|,src=574|,dest=517|
APPROVED|,250|,R250P1|,27.324888226527573%|,13.96|,11.8|,['F3', 'F2']|,[508, 90, 40, 41, 42, 318]|
